{
  "time": 0.5000000000000002,
  "nodes": {
    "0": {
      "oscillator": {
        "node_id": 0,
        "phase": 5.652150792155763,
        "amplitude": 0.9815831625129232,
        "frequency_ratio": 1.0,
        "omega": 502.6548245743669,
        "memory_depth": 50,
        "complex_state": {
          "real": 0.7925475182665364,
          "imag": -0.5791147867378504
        }
      },
      "processor": {
        "node_id": 0,
        "dimensions": {
          "physical": -0.037528301857335605,
          "emotional": -0.045839105411955086,
          "mental": -0.050480802059288905,
          "spiritual": -0.020546708549349382,
          "temporal": -0.038870836790327296
        },
        "weights": [
          0.2,
          0.2,
          0.2,
          0.2,
          0.2
        ],
        "dominant": "mental",
        "balance": 0.7679667145370145,
        "emotional_state": {
          "valence": -0.04580702630403478,
          "arousal": 0.05709759596915577
        },
        "quality": {
          "activation": 0.19326575466825627,
          "complexity": 1.5710527587960739,
          "integration": 0.35628852016142804,
          "balance": 0.7679667145370145,
          "dominant_dimension": "mental"
        }
      },
      "output": -0.5791147867378504,
      "dimensional_output": -0.040160932507328724
    },
    "1": {
      "oscillator": {
        "node_id": 1,
        "phase": 4.011755247644629,
        "amplitude": 1.010055276695473,
        "frequency_ratio": 1.0,
        "omega": 502.6548245743669,
        "memory_depth": 50,
        "complex_state": {
          "real": -0.6511849230203075,
          "imag": -0.7721203649764747
        }
      },
      "processor": {
        "node_id": 1,
        "dimensions": {
          "physical": -0.039605059048334064,
          "emotional": -0.04363702838223683,
          "mental": -0.04958853198788819,
          "spiritual": -0.027787172983760013,
          "temporal": -0.03831802258465191
        },
        "weights": [
          0.42857142857142855,
          0.09523809523809523,
          0.23809523809523808,
          0.047619047619047616,
          0.19047619047619047
        ],
        "dominant": "mental",
        "balance": 0.835085487503235,
        "emotional_state": {
          "valence": -0.04360935172808788,
          "arousal": 0.055518546096737044
        },
        "quality": {
          "activation": 0.19893581498687102,
          "complexity": 1.5925861199876763,
          "integration": 0.5960452587035867,
          "balance": 0.835085487503235,
          "dominant_dimension": "mental"
        }
      },
      "output": -0.7721203649764747,
      "dimensional_output": -0.041002073472710544
    },
    "2": {
      "oscillator": {
        "node_id": 2,
        "phase": 5.19176810198211,
        "amplitude": 1.0005153481772018,
        "frequency_ratio": 1.125,
        "omega": 565.4866776461628,
        "memory_depth": 50,
        "complex_state": {
          "real": 0.46146606378054367,
          "imag": -0.8877387193972327
        }
      },
      "processor": {
        "node_id": 2,
        "dimensions": {
          "physical": -0.04162678655569319,
          "emotional": -0.05409317319338777,
          "mental": -0.05789489363616859,
          "spiritual": -0.03128097450599715,
          "temporal": -0.04567589508285243
        },
        "weights": [
          0.12,
          0.36,
          0.24,
          0.08,
          0.2
        ],
        "dominant": "mental",
        "balance": 0.8154034750711183,
        "emotional_state": {
          "valence": -0.05404047471024919,
          "arousal": 0.06658120916009573
        },
        "quality": {
          "activation": 0.2305717229740991,
          "complexity": 1.5879041150736182,
          "integration": 0.4771998982613761,
          "balance": 0.8154034750711183,
          "dominant_dimension": "mental"
        }
      },
      "output": -0.8877387193972327,
      "dimensional_output": -0.04669275165364521
    },
    "3": {
      "oscillator": {
        "node_id": 3,
        "phase": 1.6814157314173785,
        "amplitude": 1.0001366317856908,
        "frequency_ratio": 1.25,
        "omega": 628.3185307179587,
        "memory_depth": 50,
        "complex_state": {
          "real": -0.11040902406179319,
          "imag": 0.9940237067823628
        }
      },
      "processor": {
        "node_id": 3,
        "dimensions": {
          "physical": -0.04225708979073973,
          "emotional": -0.052618606915164214,
          "mental": -0.0583506987828316,
          "spiritual": -0.03150487198868842,
          "temporal": -0.04444376577874867
        },
        "weights": [
          0.14285714285714288,
          0.2142857142857143,
          0.32142857142857145,
          0.07142857142857144,
          0.25
        ],
        "dominant": "mental",
        "balance": 0.8182289417918205,
        "emotional_state": {
          "valence": -0.052570098612361345,
          "arousal": 0.06529573385238613
        },
        "quality": {
          "activation": 0.22917503325617264,
          "complexity": 1.5887813865685014,
          "integration": 0.46590808320514876,
          "balance": 0.8182289417918205,
          "dominant_dimension": "mental"
        }
      },
      "output": -0.02766015744486218,
      "dimensional_output": -0.04659458191252961,
      "memory_metrics": {
        "memory_buffer_size": 50,
        "recall_history_size": 50,
        "current_field_size": 100,
        "recall_weight": 0.9949312492007575,
        "decay_factor": 1.0,
        "last_updated": 1760359053.8506393,
        "node_id": 3
      }
    },
    "4": {
      "oscillator": {
        "node_id": 4,
        "phase": 4.3425464302455055,
        "amplitude": 0.9992718038295677,
        "frequency_ratio": 1.3333333333333333,
        "omega": 670.2064327658225,
        "memory_depth": 50,
        "complex_state": {
          "real": -0.36120541259841854,
          "imag": -0.9317053116937802
        }
      },
      "processor": {
        "node_id": 4,
        "dimensions": {
          "physical": -0.03412386274332426,
          "emotional": -0.04233303527529587,
          "mental": -0.04719550328723759,
          "spiritual": -0.00959910944378932,
          "temporal": -0.03434628154640084
        },
        "weights": [
          0.08333333333333334,
          0.125,
          0.16666666666666669,
          0.375,
          0.25
        ],
        "dominant": "mental",
        "balance": 0.6796271551742562,
        "emotional_state": {
          "valence": -0.04230776524470427,
          "arousal": 0.052570194098293145
        },
        "quality": {
          "activation": 0.16759779229604788,
          "complexity": 1.5171079778748995,
          "integration": 0.48151013628290773,
          "balance": 0.6796271551742562,
          "dominant_dimension": "mental"
        }
      },
      "output": -0.9317053116937802,
      "dimensional_output": -0.03593304540122374
    },
    "5": {
      "oscillator": {
        "node_id": 5,
        "phase": 0.9950918314511306,
        "amplitude": 0.9960102278239673,
        "frequency_ratio": 1.5,
        "omega": 753.9822368615503,
        "memory_depth": 50,
        "complex_state": {
          "real": 0.5422537275888936,
          "imag": 0.8354623084531709
        }
      },
      "processor": {
        "node_id": 5,
        "dimensions": {
          "physical": -0.036646952889385,
          "emotional": -0.0443082490218169,
          "mental": -0.04955267987871187,
          "spiritual": -0.024131833276958135,
          "temporal": -0.03434807412529358
        },
        "weights": [
          0.17857142857142855,
          0.14285714285714285,
          0.24999999999999997,
          0.10714285714285712,
          0.3214285714285714
        ],
        "dominant": "mental",
        "balance": 0.7938899942514815,
        "emotional_state": {
          "valence": -0.044279276146362304,