{
  "time": 0.5000000000000002,
  "nodes": {
    "0": {
      "oscillator": {
        "node_id": 0,
        "phase": 3.217047899020839,
        "amplitude": 0.9825275535764216,
        "frequency_ratio": 1.0,
        "omega": 502.6548245743669,
        "memory_depth": 50,
        "complex_state": {
          "real": -0.9797318729901373,
          "imag": -0.07406652809539228
        }
      },
      "processor": {
        "node_id": 0,
        "dimensions": {
          "physical": -0.0030724191999445616,
          "emotional": -0.01574872352470429,
          "mental": -0.0012155659084065514,
          "spiritual": -0.006290073255426964,
          "temporal": 0.006809269396638208
        },
        "weights": [
          0.2,
          0.2,
          0.2,
          0.2,
          0.2
        ],
        "dominant": "emotional",
        "balance": 0.33083757235087136,
        "emotional_state": {
          "valence": -0.015747421642357467,
          "arousal": 0.01667044928468766
        },
        "quality": {
          "activation": 0.03313605128512057,
          "complexity": 1.3358857738713614,
          "integration": 0.5112609826457288,
          "balance": 0.33083757235087136,
          "dominant_dimension": "emotional"
        }
      },
      "output": -0.07406652809539228,
      "dimensional_output": -0.005777326909609722
    },
    "1": {
      "oscillator": {
        "node_id": 1,
        "phase": 1.3885454916711844,
        "amplitude": 1.013506751731277,
        "frequency_ratio": 1.0,
        "omega": 502.6548245743669,
        "memory_depth": 50,
        "complex_state": {
          "real": 0.18369160013694952,
          "imag": 0.9967212909555064
        }
      },
      "processor": {
        "node_id": 1,
        "dimensions": {
          "physical": -0.0007019430037408859,
          "emotional": -0.0014897718621071508,
          "mental": 0.006517329669023705,
          "spiritual": 0.0039305991826905085,
          "temporal": 0.014149397827297953
        },
        "weights": [
          0.42857142857142855,
          0.09523809523809523,
          0.23809523809523808,
          0.047619047619047616,
          0.19047619047619047
        ],
        "dominant": "temporal",
        "balance": 0.34740382745295145,
        "emotional_state": {
          "valence": -0.0014897707599648739,
          "arousal": 0.0017003547632294166
        },
        "quality": {
          "activation": 0.026789041544860205,
          "complexity": 1.2187371443983612,
          "integration": 0.5474712745477254,
          "balance": 0.34740382745295145,
          "dominant_dimension": "temporal"
        }
      },
      "output": 0.9967212909555064,
      "dimensional_output": 0.0016200834397385806
    },
    "2": {
      "oscillator": {
        "node_id": 2,
        "phase": 0.5379558189455897,
        "amplitude": 1.0004436977005107,
        "frequency_ratio": 1.125,
        "omega": 565.4866776461628,
        "memory_depth": 50,
        "complex_state": {
          "real": 0.8591389045373189,
          "imag": 0.5126089493747514
        }
      },
      "processor": {
        "node_id": 2,
        "dimensions": {
          "physical": -0.0032194989147495035,
          "emotional": -0.02824049854756128,
          "mental": -0.0030577607598340373,
          "spiritual": -0.003490180086527967,
          "temporal": 0.005658477297131192
        },
        "weights": [
          0.12,
          0.36,
          0.24,
          0.08,
          0.2
        ],
        "dominant": "emotional",
        "balance": 0.27044073567243365,
        "emotional_state": {
          "valence": -0.028232993433422088,
          "arousal": 0.02920634822198613
        },
        "quality": {
          "activation": 0.043666415605803977,
          "complexity": 1.1270338447966446,
          "integration": 0.5184130138564573,
          "balance": 0.27044073567243365,
          "dominant_dimension": "emotional"
        }
      },
      "output": 0.5126089493747514,
      "dimensional_output": -0.009168647451933201
    },
    "3": {
      "oscillator": {
        "node_id": 3,
        "phase": 0.3517165615266826,
        "amplitude": 1.000831835002922,
        "frequency_ratio": 1.25,
        "omega": 628.3185307179587,
        "memory_depth": 50,
        "complex_state": {
          "real": 0.9395636363128104,
          "imag": 0.3447963678375469
        }
      },
      "processor": {
        "node_id": 3,
        "dimensions": {
          "physical": -0.001162616817126639,
          "emotional": -0.016094811579135167,
          "mental": -0.0008458103721847199,
          "spiritual": -0.002033490430896709,
          "temporal": 0.00991246041165527
        },
        "weights": [
          0.14285714285714288,
          0.2142857142857143,
          0.32142857142857145,
          0.07142857142857144,
          0.25
        ],
        "dominant": "emotional",
        "balance": 0.25224744692245277,
        "emotional_state": {
          "valence": -0.016093421973912513,
          "arousal": 0.01644359662427316
        },
        "quality": {
          "activation": 0.030049189610998506,
          "complexity": 1.1088195313069233,
          "integration": 0.5046911395773155,
          "balance": 0.25224744692245277,
          "dominant_dimension": "emotional"
        }
      },
      "output": 0.024192644754420674,
      "dimensional_output": -0.004394127233494989,
      "memory_metrics": {
        "memory_buffer_size": 50,
        "recall_history_size": 50,
        "current_field_size": 100,
        "recall_weight": 0.9966802970626057,
        "decay_factor": 1.0,
        "last_updated": 1760366876.0812235,
        "node_id": 3
      }
    },
    "4": {
      "oscillator": {
        "node_id": 4,
        "phase": 1.9932831267945677,
        "amplitude": 0.9998203134078538,
        "frequency_ratio": 1.3333333333333333,
        "omega": 670.2064327658225,
        "memory_depth": 50,
        "complex_state": {
          "real": -0.4099561825973494,
          "imag": 0.911908212186505
        }
      },
      "processor": {
        "node_id": 4,
        "dimensions": {
          "physical": -0.001909002233234988,
          "emotional": -0.011341795932636288,
          "mental": -0.0018128692035220572,
          "spiritual": -0.012338582345464977,
          "temporal": 0.007695389251523363
        },
        "weights": [
          0.08333333333333334,
          0.125,
          0.16666666666666669,
          0.375,
          0.25
        ],
        "dominant": "spiritual",
        "balance": 0.3514776623243657,
        "emotional_state": {
          "valence": -0.011341309635304862,
          "arousal": 0.011914496602606784
        },
        "quality": {
          "activation": 0.03509763896638167,
          "complexity": 1.3766986401815267,
          "integration": 0.529922258215722,
          "balance": 0.3514776623243657,
          "dominant_dimension": "spiritual"
        }
      },
      "output": 0.911908212186505,
      "dimensional_output": -0.00478641340664699
    },
    "5": {
      "oscillator": {
        "node_id": 5,
        "phase": 2.0929760895942717,
        "amplitude": 1.009809372578157,
        "frequency_ratio": 1.5,
        "omega": 753.9822368615503,
        "memory_depth": 50,
        "complex_state": {
          "real": -0.5036632224870351,
          "imag": 0.8752361551379527
        }
      },
      "processor": {
        "node_id": 5,
        "dimensions": {
          "physical": 0.0011464723850289527,
          "emotional": -0.006836586422871449,
          "mental": 0.00399574740014678,
          "spiritual": -0.0003021474534489437,
          "temporal": 0.016244766401858773
        },
        "weights": [
          0.17857142857142855,
          0.14285714285714285,
          0.24999999999999997,
          0.10714285714285712,
          0.3214285714285714
        ],
        "dominant": "temporal",
        "balance": 0.26476847242816975,