{
  "timestamp": 0.49999999999999994,
  "metatron_state": {
    "consciousness_level": 0.02665392342631259,
    "phi": 0.08901510263617965,
    "coherence": 0.22881951489662786,
    "nodes": 13
  },
  "hebrew_state": {
    "letters": 22,
    "connections": 30,
    "avg_energy": 1.1454687992146577,
    "golden_ratio": 1.618033988749895
  },
  "mapping": {
    "\u05d0": 0,
    "\u05de": 3,
    "\u05e9": 10,
    "\u05ea": 12,
    "\u05d9": 1,
    "\u05d4": 2,
    "\u05d5": 4,
    "\u05d6": 5,
    "\u05d7": 6,
    "\u05d8": 7,
    "\u05db": 8,
    "\u05dc": 9,
    "\u05e0": 11
  },
  "enhancement_example": {
    "node_pair": [
      0,
      3
    ],
    "enhancement_factor": 1.05
  }
}