{
  "cid": "5930162a72ba22e384fdbfb2fd606d8b",
  "data": {
    "node_id": "node-3",
    "timestamp": 1760260493.883565,
    "entropy": 0.5,
    "valence": 0.3,
    "arousal": 0.7,
    "coherence": 0.8,
    "empathy_score": 0.6,
    "insight_strength": 0.4,
    "signature": "d629fbaf55f20b32c21f245fe2f7f94b1590b32b910506c957880e7f952c228ed83b0440b2ebe519715ea0bd800af86f1a8dd0b051a44dd3abf53c721b146501"
  },
  "timestamp": 1760260493.8836696,
  "node_id": "node-3",
  "signature": null,
  "references": []
}