{
  "time": 4.999999999999938,
  "nodes": {
    "0": {
      "oscillator": {
        "node_id": 0,
        "phase": 1.742527564442108,
        "amplitude": 0.994430683789882,
        "frequency_ratio": 1.0,
        "omega": 251.32741228718345,
        "memory_depth": 100,
        "complex_state": {
          "real": -0.16993664472909942,
          "imag": 0.9798030014452028
        }
      },
      "processor": {
        "node_id": 0,
        "dimensions": {
          "physical": 0.41285420137808865,
          "emotional": 0.4775319627738206,
          "mental": 0.5331448387260993,
          "spiritual": 0.38719380125473146,
          "temporal": 0.5011554596969368
        },
        "weights": [
          0.2,
          0.2,
          0.2,
          0.2,
          0.2
        ],
        "dominant": "mental",
        "balance": 0.8888286802789866,
        "emotional_state": {
          "valence": 0.4442648663035127,
          "arousal": 0.6013882231872472
        },
        "quality": {
          "activation": 2.3118802638296767,
          "complexity": 1.6024251538677323,
          "integration": 0.306301686180643,
          "balance": 0.8888286802789866,
          "dominant_dimension": "mental"
        }
      },
      "output": 0.9798030014452028,
      "dimensional_output": 0.45179068097803826
    },
    "1": {
      "oscillator": {
        "node_id": 1,
        "phase": 1.8288215087265218,
        "amplitude": 1.0143549458390781,
        "frequency_ratio": 1.0,
        "omega": 251.32741228718345,
        "memory_depth": 100,
        "complex_state": {
          "real": -0.2588345820523992,
          "imag": 0.9807755172729176
        }
      },
      "processor": {
        "node_id": 1,
        "dimensions": {
          "physical": 0.4175679868042622,
          "emotional": 0.4790907188955778,
          "mental": 0.534385794367488,
          "spiritual": 0.38641963217517095,
          "temporal": 0.5024213418402013
        },
        "weights": [
          0.42857142857142855,
          0.09523809523809523,
          0.23809523809523808,
          0.047619047619047616,
          0.19047619047619047
        ],
        "dominant": "mental",
        "balance": 0.8892388202056483,
        "emotional_state": {
          "valence": 0.4455151019461847,
          "arousal": 0.6043611149368564
        },
        "quality": {
          "activation": 2.3198854740827004,
          "complexity": 1.602470190632163,
          "integration": 0.27991654552876366,
          "balance": 0.8892388202056483,
          "dominant_dimension": "mental"
        }
      },
      "output": 0.9807755172729176,
      "dimensional_output": 0.45437387726371864
    },
    "2": {
      "oscillator": {
        "node_id": 2,
        "phase": 3.712453920110417,
        "amplitude": 1.0012554101246285,
        "frequency_ratio": 1.125,
        "omega": 282.7433388230814,
        "memory_depth": 100,
        "complex_state": {
          "real": -0.8424922430930575,
          "imag": -0.5410353192092605
        }
      },
      "processor": {
        "node_id": 2,
        "dimensions": {
          "physical": 0.4111170011137442,
          "emotional": 0.47605852662797365,
          "mental": 0.5326850585906697,
          "spiritual": 0.3857784612829849,
          "temporal": 0.5005533689024594
        },
        "weights": [
          0.12,
          0.36,
          0.24,
          0.08,
          0.2
        ],
        "dominant": "mental",
        "balance": 0.8877616517309799,
        "emotional_state": {
          "valence": 0.44308147033336986,
          "arousal": 0.599393626962097
        },
        "quality": {
          "activation": 2.306192416517832,
          "complexity": 1.6022827409581564,
          "integration": 0.28291295540293326,
          "balance": 0.8877616517309799,
          "dominant_dimension": "mental"
        }
      },
      "output": -0.5410353192092605,
      "dimensional_output": 0.4504281869040495
    },
    "3": {
      "oscillator": {
        "node_id": 3,
        "phase": 2.648725044996427,
        "amplitude": 0.9980192988824437,
        "frequency_ratio": 1.25,
        "omega": 314.1592653589793,
        "memory_depth": 100,
        "complex_state": {
          "real": -0.8792347044297847,
          "imag": 0.472216958047965
        }
      },
      "processor": {
        "node_id": 3,
        "dimensions": {
          "physical": 0.41116849769479413,
          "emotional": 0.4766635426165805,
          "mental": 0.532784459325106,
          "spiritual": 0.3853927422043852,
          "temporal": 0.4988426144246408
        },
        "weights": [
          0.14285714285714288,
          0.2142857142857143,
          0.32142857142857145,
          0.07142857142857144,
          0.25
        ],
        "dominant": "mental",
        "balance": 0.8878624644737984,
        "emotional_state": {
          "valence": 0.44356757849252154,
          "arousal": 0.6000140919250188
        },
        "quality": {
          "activation": 2.3048518562655067,
          "complexity": 1.6022960974232983,
          "integration": 0.2938943993000921,
          "balance": 0.8878624644737984,
          "dominant_dimension": "mental"
        }
      },
      "output": 0.472216958047965,
      "dimensional_output": 0.45047971286617616
    },
    "4": {
      "oscillator": {
        "node_id": 4,
        "phase": 4.244204953756794,
        "amplitude": 1.0003189841806877,
        "frequency_ratio": 1.3333333333333333,
        "omega": 335.1032163829112,
        "memory_depth": 100,
        "complex_state": {
          "real": -0.4514104221102789,
          "imag": -0.8926739051425793
        }
      },
      "processor": {
        "node_id": 4,
        "dimensions": {
          "physical": 0.41061013719965916,
          "emotional": 0.47768499329615116,
          "mental": 0.5326789690056759,
          "spiritual": 0.388644587151425,
          "temporal": 0.4992262441922571
        },
        "weights": [
          0.08333333333333334,
          0.125,
          0.16666666666666669,
          0.375,
          0.25
        ],
        "dominant": "mental",
        "balance": 0.8893913159003964,
        "emotional_state": {
          "valence": 0.44438768464618605,
          "arousal": 0.6008680344560489
        },
        "quality": {
          "activation": 2.3088449308451686,
          "complexity": 1.6025065593120178,
          "integration": 0.29669224485491325,
          "balance": 0.8893913159003964,
          "dominant_dimension": "mental"
        }
      },
      "output": -0.8926739051425793,
      "dimensional_output": 0.4508391908396917
    },
    "5": {
      "oscillator": {
        "node_id": 5,
        "phase": 3.2189035954298912,
        "amplitude": 0.9920138528236893,
        "frequency_ratio": 1.5,
        "omega": 376.99111843077515,
        "memory_depth": 100,
        "complex_state": {
          "real": -0.9890507048187601,
          "imag": -0.07661714880895727
        }
      },
      "processor": {
        "node_id": 5,
        "dimensions": {
          "physical": 0.4125233859098462,
          "emotional": 0.4779443633494758,
          "mental": 0.5333458329727213,
          "spiritual": 0.3863157816468631,
          "temporal": 0.49754450621935603
        },
        "weights": [
          0.17857142857142855,
          0.14285714285714285,
          0.24999999999999997,
          0.10714285714285712,
          0.3214285714285714
        ],
        "dominant": "mental",
        "balance": 0.8888632310953648,
        "emotional_state": {
          "valence": 0.44459581020053524,
          "arousal": 0.6017013791224297
        },
        "quality": {
          "activation": 2.3076738700982626,
          "complexity": 1.6024318943917482,
          "integration": 0.2989089023548434,
          "balance": 0.8888632310953648,
          "dominant_dimension": "mental"
        }
      },
      "output": -0.07661714880895727,